,Â°F,% LWY,Hours
0,60.0,0.005%,419
1,60.0,0.006%,377
2,60.0,0.007%,345
3,60.0,0.008%,319
4,60.0,0.009%,298
5,60.0,0.01%,281
6,60.0,0.02%,188
7,60.0,0.03%,149
8,60.0,0.04%,126
9,60.0,0.05%,111
10,60.0,0.06%,100
11,60.0,0.07%,91
12,60.0,0.08%,84
13,60.0,0.09%,79
14,60.0,0.1%,74
15,60.0,0.2%,50
16,60.0,0.3%,39
17,60.0,0.4%,33
18,60.0,0.5%,29
19,60.0,0.6%,26
20,60.0,0.7%,24
21,60.0,0.8%,22
22,60.0,0.9%,21
23,60.0,1.0%,20
24,60.0,1.1%,19
25,60.0,1.2%,18
26,60.0,1.3%,17
27,60.0,1.4%,16
28,60.0,1.5%,15
29,60.0,1.6%,15
30,60.0,1.7%,14
31,60.0,1.8%,14
32,60.0,1.9%,14
33,60.0,2.0%,13
34,61.0,0.005%,385
35,61.0,0.006%,346
36,61.0,0.007%,317
37,61.0,0.008%,293
38,61.0,0.009%,274
39,61.0,0.01%,258
40,61.0,0.02%,173
41,61.0,0.03%,137
42,61.0,0.04%,116
43,61.0,0.05%,102
44,61.0,0.06%,92
45,61.0,0.07%,84
46,61.0,0.08%,77
47,61.0,0.09%,72
48,61.0,0.1%,68
49,61.0,0.2%,46
50,61.0,0.3%,36
51,61.0,0.4%,31
52,61.0,0.5%,27
53,61.0,0.6%,24
54,61.0,0.7%,22
55,61.0,0.8%,20
56,61.0,0.9%,19
57,61.0,1.0%,18
58,61.0,1.1%,17
59,61.0,1.2%,16
60,61.0,1.3%,15
61,61.0,1.4%,15
62,61.0,1.5%,14
63,61.0,1.6%,14
64,61.0,1.7%,13
65,61.0,1.8%,13
66,61.0,1.9%,12
67,61.0,2.0%,12
68,62.0,0.005%,354
69,62.0,0.006%,319
70,62.0,0.007%,292
71,62.0,0.008%,270
72,62.0,0.009%,252
73,62.0,0.01%,237
74,62.0,0.02%,159
75,62.0,0.03%,126
76,62.0,0.04%,106
77,62.0,0.05%,94
78,62.0,0.06%,84
79,62.0,0.07%,77
80,62.0,0.08%,71
81,62.0,0.09%,67
82,62.0,0.1%,63
83,62.0,0.2%,42
84,62.0,0.3%,33
85,62.0,0.4%,28
86,62.0,0.5%,25
87,62.0,0.6%,22
88,62.0,0.7%,20
89,62.0,0.8%,19
90,62.0,0.9%,18
91,62.0,1.0%,17
92,62.0,1.1%,16
93,62.0,1.2%,15
94,62.0,1.3%,14
95,62.0,1.4%,14
96,62.0,1.5%,13
97,62.0,1.6%,13
98,62.0,1.7%,12
99,62.0,1.8%,12
100,62.0,1.9%,11
101,62.0,2.0%,11
102,63.0,0.005%,326
103,63.0,0.006%,294
104,63.0,0.007%,269
105,63.0,0.008%,249
106,63.0,0.009%,232
107,63.0,0.01%,218
108,63.0,0.02%,146
109,63.0,0.03%,116
110,63.0,0.04%,98
111,63.0,0.05%,86
112,63.0,0.06%,78
113,63.0,0.07%,71
114,63.0,0.08%,66
115,63.0,0.09%,61
116,63.0,0.1%,58
117,63.0,0.2%,39
118,63.0,0.3%,31
119,63.0,0.4%,26
120,63.0,0.5%,23
121,63.0,0.6%,20
122,63.0,0.7%,19
123,63.0,0.8%,17
124,63.0,0.9%,16
125,63.0,1.0%,15
126,63.0,1.1%,14
127,63.0,1.2%,14
128,63.0,1.3%,13
129,63.0,1.4%,13
130,63.0,1.5%,12
131,63.0,1.6%,12
132,63.0,1.7%,11
133,63.0,1.8%,11
134,63.0,1.9%,11
135,63.0,2.0%,10
136,64.0,0.005%,301
137,64.0,0.006%,271
138,64.0,0.007%,248
139,64.0,0.008%,229
140,64.0,0.009%,214
141,64.0,0.01%,201
142,64.0,0.02%,135
143,64.0,0.03%,107
144,64.0,0.04%,90
145,64.0,0.05%,79
146,64.0,0.06%,71
147,64.0,0.07%,65
148,64.0,0.08%,61
149,64.0,0.09%,57
150,64.0,0.1%,53
151,64.0,0.2%,36
152,64.0,0.3%,28
153,64.0,0.4%,24
154,64.0,0.5%,21
155,64.0,0.6%,19
156,64.0,0.7%,17
157,64.0,0.8%,16
158,64.0,0.9%,15
159,64.0,1.0%,14
160,64.0,1.1%,13
161,64.0,1.2%,13
162,64.0,1.3%,12
163,64.0,1.4%,12
164,64.0,1.5%,11
165,64.0,1.6%,11
166,64.0,1.7%,10
167,64.0,1.8%,10
168,64.0,1.9%,10
169,64.0,2.0%,9
170,65.0,0.005%,278
171,65.0,0.006%,250
172,65.0,0.007%,229
173,65.0,0.008%,212
174,65.0,0.009%,198
175,65.0,0.01%,186
176,65.0,0.02%,125
177,65.0,0.03%,99
178,65.0,0.04%,83
179,65.0,0.05%,73
180,65.0,0.06%,66
181,65.0,0.07%,60
182,65.0,0.08%,56
183,65.0,0.09%,52
184,65.0,0.1%,49
185,65.0,0.2%,33
186,65.0,0.3%,26
187,65.0,0.4%,22
188,65.0,0.5%,19
189,65.0,0.6%,17
190,65.0,0.7%,16
191,65.0,0.8%,15
192,65.0,0.9%,14
193,65.0,1.0%,13
194,65.0,1.1%,12
195,65.0,1.2%,12
196,65.0,1.3%,11
197,65.0,1.4%,11
198,65.0,1.5%,10
199,65.0,1.6%,10
200,65.0,1.7%,10
201,65.0,1.8%,9
202,65.0,1.9%,9
203,65.0,2.0%,9
204,66.0,0.005%,257
205,66.0,0.006%,231
206,66.0,0.007%,211
207,66.0,0.008%,196
208,66.0,0.009%,183
209,66.0,0.01%,172
210,66.0,0.02%,115
211,66.0,0.03%,91
212,66.0,0.04%,77
213,66.0,0.05%,68
214,66.0,0.06%,61
215,66.0,0.07%,56
216,66.0,0.08%,52
217,66.0,0.09%,48
218,66.0,0.1%,45
219,66.0,0.2%,30
220,66.0,0.3%,24
221,66.0,0.4%,20
222,66.0,0.5%,18
223,66.0,0.6%,16
224,66.0,0.7%,15
225,66.0,0.8%,14
226,66.0,0.9%,13
227,66.0,1.0%,12
228,66.0,1.1%,11
229,66.0,1.2%,11
230,66.0,1.3%,10
231,66.0,1.4%,10
232,66.0,1.5%,9
233,66.0,1.6%,9
234,66.0,1.7%,9
235,66.0,1.8%,9
236,66.0,1.9%,8
237,66.0,2.0%,8
238,67.0,0.005%,238
239,67.0,0.006%,214
240,67.0,0.007%,196
241,67.0,0.008%,181
242,67.0,0.009%,169
243,67.0,0.01%,159
244,67.0,0.02%,107
245,67.0,0.03%,84
246,67.0,0.04%,71
247,67.0,0.05%,63
248,67.0,0.06%,56
249,67.0,0.07%,52
250,67.0,0.08%,48
251,67.0,0.09%,45
252,67.0,0.1%,42
253,67.0,0.2%,28
254,67.0,0.3%,22
255,67.0,0.4%,19
256,67.0,0.5%,17
257,67.0,0.6%,15
258,67.0,0.7%,14
259,67.0,0.8%,13
260,67.0,0.9%,12
261,67.0,1.0%,11
262,67.0,1.1%,11
263,67.0,1.2%,10
264,67.0,1.3%,10
265,67.0,1.4%,9
266,67.0,1.5%,9
267,67.0,1.6%,8
268,67.0,1.7%,8
269,67.0,1.8%,8
270,67.0,1.9%,8
271,67.0,2.0%,7
272,68.0,0.005%,220
273,68.0,0.006%,198
274,68.0,0.007%,181
275,68.0,0.008%,168
276,68.0,0.009%,157
277,68.0,0.01%,148
278,68.0,0.02%,99
279,68.0,0.03%,78
280,68.0,0.04%,66
281,68.0,0.05%,58
282,68.0,0.06%,52
283,68.0,0.07%,48
284,68.0,0.08%,44
285,68.0,0.09%,41
286,68.0,0.1%,39
287,68.0,0.2%,26
288,68.0,0.3%,21
289,68.0,0.4%,17
290,68.0,0.5%,15
291,68.0,0.6%,14
292,68.0,0.7%,13
293,68.0,0.8%,12
294,68.0,0.9%,11
295,68.0,1.0%,10
296,68.0,1.1%,10
297,68.0,1.2%,9
298,68.0,1.3%,9
299,68.0,1.4%,8
300,68.0,1.5%,8
301,68.0,1.6%,8
302,68.0,1.7%,8
303,68.0,1.8%,7
304,68.0,1.9%,7
305,68.0,2.0%,7
306,69.0,0.005%,204
307,69.0,0.006%,184
308,69.0,0.007%,168
309,69.0,0.008%,156
310,69.0,0.009%,145
311,69.0,0.01%,137
312,69.0,0.02%,92
313,69.0,0.03%,73
314,69.0,0.04%,61
315,69.0,0.05%,54
316,69.0,0.06%,49
317,69.0,0.07%,44
318,69.0,0.08%,41
319,69.0,0.09%,38
320,69.0,0.1%,36
321,69.0,0.2%,24
322,69.0,0.3%,19
323,69.0,0.4%,16
324,69.0,0.5%,14
325,69.0,0.6%,13
326,69.0,0.7%,12
327,69.0,0.8%,11
328,69.0,0.9%,10
329,69.0,1.0%,10
330,69.0,1.1%,9
331,69.0,1.2%,9
332,69.0,1.3%,8
333,69.0,1.4%,8
334,69.0,1.5%,8
335,69.0,1.6%,7
336,69.0,1.7%,7
337,69.0,1.8%,7
338,69.0,1.9%,7
339,69.0,2.0%,6
340,70.0,0.005%,190
341,70.0,0.006%,171
342,70.0,0.007%,156
343,70.0,0.008%,145
344,70.0,0.009%,135
345,70.0,0.01%,127
346,70.0,0.02%,85
347,70.0,0.03%,67
348,70.0,0.04%,57
349,70.0,0.05%,50
350,70.0,0.06%,45
351,70.0,0.07%,41
352,70.0,0.08%,38
353,70.0,0.09%,36
354,70.0,0.1%,34
355,70.0,0.2%,22
356,70.0,0.3%,18
357,70.0,0.4%,15
358,70.0,0.5%,13
359,70.0,0.6%,12
360,70.0,0.7%,11
361,70.0,0.8%,10
362,70.0,0.9%,9
363,70.0,1.0%,9
364,70.0,1.1%,8
365,70.0,1.2%,8
366,70.0,1.3%,8
367,70.0,1.4%,7
368,70.0,1.5%,7
369,70.0,1.6%,7
370,70.0,1.7%,7
371,70.0,1.8%,6
372,70.0,1.9%,6
373,70.0,2.0%,6
374,71.0,0.005%,176
375,71.0,0.006%,159
376,71.0,0.007%,145
377,71.0,0.008%,134
378,71.0,0.009%,126
379,71.0,0.01%,118
380,71.0,0.02%,79
381,71.0,0.03%,63
382,71.0,0.04%,53
383,71.0,0.05%,47
384,71.0,0.06%,42
385,71.0,0.07%,38
386,71.0,0.08%,35
387,71.0,0.09%,33
388,71.0,0.1%,31
389,71.0,0.2%,21
390,71.0,0.3%,17
391,71.0,0.4%,14
392,71.0,0.5%,12
393,71.0,0.6%,11
394,71.0,0.7%,10
395,71.0,0.8%,9
396,71.0,0.9%,9
397,71.0,1.0%,8
398,71.0,1.1%,8
399,71.0,1.2%,7
400,71.0,1.3%,7
401,71.0,1.4%,7
402,71.0,1.5%,7
403,71.0,1.6%,6
404,71.0,1.7%,6
405,71.0,1.8%,6
406,71.0,1.9%,6
407,71.0,2.0%,6
408,72.0,0.005%,164
409,72.0,0.006%,148
410,72.0,0.007%,135
411,72.0,0.008%,125
412,72.0,0.009%,117
413,72.0,0.01%,110
414,72.0,0.02%,74
415,72.0,0.03%,58
416,72.0,0.04%,49
417,72.0,0.05%,43
418,72.0,0.06%,39
419,72.0,0.07%,36
420,72.0,0.08%,33
421,72.0,0.09%,31
422,72.0,0.1%,29
423,72.0,0.2%,19
424,72.0,0.3%,15
425,72.0,0.4%,13
426,72.0,0.5%,11
427,72.0,0.6%,10
428,72.0,0.7%,9
429,72.0,0.8%,9
430,72.0,0.9%,8
431,72.0,1.0%,8
432,72.0,1.1%,7
433,72.0,1.2%,7
434,72.0,1.3%,7
435,72.0,1.4%,6
436,72.0,1.5%,6
437,72.0,1.6%,6
438,72.0,1.7%,6
439,72.0,1.8%,5
440,72.0,1.9%,5
441,72.0,2.0%,5
442,73.0,0.005%,153
443,73.0,0.006%,138
444,73.0,0.007%,126
445,73.0,0.008%,117
446,73.0,0.009%,109
447,73.0,0.01%,102
448,73.0,0.02%,69
449,73.0,0.03%,54
450,73.0,0.04%,46
451,73.0,0.05%,40
452,73.0,0.06%,36
453,73.0,0.07%,33
454,73.0,0.08%,31
455,73.0,0.09%,29
456,73.0,0.1%,27
457,73.0,0.2%,18
458,73.0,0.3%,14
459,73.0,0.4%,12
460,73.0,0.5%,11
461,73.0,0.6%,10
462,73.0,0.7%,9
463,73.0,0.8%,8
464,73.0,0.9%,8
465,73.0,1.0%,7
466,73.0,1.1%,7
467,73.0,1.2%,6
468,73.0,1.3%,6
469,73.0,1.4%,6
470,73.0,1.5%,6
471,73.0,1.6%,5
472,73.0,1.7%,5
473,73.0,1.8%,5
474,73.0,1.9%,5
475,73.0,2.0%,5
476,74.0,0.005%,143
477,74.0,0.006%,128
478,74.0,0.007%,117
479,74.0,0.008%,109
480,74.0,0.009%,102
481,74.0,0.01%,96
482,74.0,0.02%,64
483,74.0,0.03%,51
484,74.0,0.04%,43
485,74.0,0.05%,38
486,74.0,0.06%,34
487,74.0,0.07%,31
488,74.0,0.08%,29
489,74.0,0.09%,27
490,74.0,0.1%,25
491,74.0,0.2%,17
492,74.0,0.3%,13
493,74.0,0.4%,11
494,74.0,0.5%,10
495,74.0,0.6%,9
496,74.0,0.7%,8
497,74.0,0.8%,8
498,74.0,0.9%,7
499,74.0,1.0%,7
500,74.0,1.1%,6
501,74.0,1.2%,6
502,74.0,1.3%,6
503,74.0,1.4%,5
504,74.0,1.5%,5
505,74.0,1.6%,5
506,74.0,1.7%,5
507,74.0,1.8%,5
508,74.0,1.9%,5
509,74.0,2.0%,4
510,75.0,0.005%,133
511,75.0,0.006%,120
512,75.0,0.007%,110
513,75.0,0.008%,101
514,75.0,0.009%,95
515,75.0,0.01%,89
516,75.0,0.02%,60
517,75.0,0.03%,47
518,75.0,0.04%,40
519,75.0,0.05%,35
520,75.0,0.06%,32
521,75.0,0.07%,29
522,75.0,0.08%,27
523,75.0,0.09%,25
524,75.0,0.1%,24
525,75.0,0.2%,16
526,75.0,0.3%,12
527,75.0,0.4%,11
528,75.0,0.5%,9
529,75.0,0.6%,8
530,75.0,0.7%,8
531,75.0,0.8%,7
532,75.0,0.9%,7
533,75.0,1.0%,6
534,75.0,1.1%,6
535,75.0,1.2%,6
536,75.0,1.3%,5
537,75.0,1.4%,5
538,75.0,1.5%,5
539,75.0,1.6%,5
540,75.0,1.7%,5
541,75.0,1.8%,4
542,75.0,1.9%,4
543,75.0,2.0%,4
544,76.0,0.005%,124
545,76.0,0.006%,112
546,76.0,0.007%,102
547,76.0,0.008%,95
548,76.0,0.009%,89
549,76.0,0.01%,83
550,76.0,0.02%,56
551,76.0,0.03%,44
552,76.0,0.04%,37
553,76.0,0.05%,33
554,76.0,0.06%,30
555,76.0,0.07%,27
556,76.0,0.08%,25
557,76.0,0.09%,23
558,76.0,0.1%,22
559,76.0,0.2%,15
560,76.0,0.3%,12
561,76.0,0.4%,10
562,76.0,0.5%,9
563,76.0,0.6%,8
564,76.0,0.7%,7
565,76.0,0.8%,7
566,76.0,0.9%,6
567,76.0,1.0%,6
568,76.0,1.1%,5
569,76.0,1.2%,5
570,76.0,1.3%,5
571,76.0,1.4%,5
572,76.0,1.5%,5
573,76.0,1.6%,4
574,76.0,1.7%,4
575,76.0,1.8%,4
576,76.0,1.9%,4
577,76.0,2.0%,4
578,77.0,0.005%,116
579,77.0,0.006%,105
580,77.0,0.007%,96
581,77.0,0.008%,89
582,77.0,0.009%,83
583,77.0,0.01%,78
584,77.0,0.02%,52
585,77.0,0.03%,41
586,77.0,0.04%,35
587,77.0,0.05%,31
588,77.0,0.06%,28
589,77.0,0.07%,25
590,77.0,0.08%,23
591,77.0,0.09%,22
592,77.0,0.1%,21
593,77.0,0.2%,14
594,77.0,0.3%,11
595,77.0,0.4%,9
596,77.0,0.5%,8
597,77.0,0.6%,7
598,77.0,0.7%,7
599,77.0,0.8%,6
600,77.0,0.9%,6
601,77.0,1.0%,5
602,77.0,1.1%,5
603,77.0,1.2%,5
604,77.0,1.3%,5
605,77.0,1.4%,4
606,77.0,1.5%,4
607,77.0,1.6%,4
608,77.0,1.7%,4
609,77.0,1.8%,4
610,77.0,1.9%,4
611,77.0,2.0%,4
612,78.0,0.005%,109
613,78.0,0.006%,98
614,78.0,0.007%,90
615,78.0,0.008%,83
616,78.0,0.009%,77
617,78.0,0.01%,73
618,78.0,0.02%,49
619,78.0,0.03%,39
620,78.0,0.04%,33
621,78.0,0.05%,29
622,78.0,0.06%,26
623,78.0,0.07%,24
624,78.0,0.08%,22
625,78.0,0.09%,20
626,78.0,0.1%,19
627,78.0,0.2%,13
628,78.0,0.3%,10
629,78.0,0.4%,9
630,78.0,0.5%,8
631,78.0,0.6%,7
632,78.0,0.7%,6
633,78.0,0.8%,6
634,78.0,0.9%,5
635,78.0,1.0%,5
636,78.0,1.1%,5
637,78.0,1.2%,5
638,78.0,1.3%,4
639,78.0,1.4%,4
640,78.0,1.5%,4
641,78.0,1.6%,4
642,78.0,1.7%,4
643,78.0,1.8%,4
644,78.0,1.9%,4
645,78.0,2.0%,3
646,79.0,0.005%,102
647,79.0,0.006%,92
648,79.0,0.007%,84
649,79.0,0.008%,78
650,79.0,0.009%,73
651,79.0,0.01%,68
652,79.0,0.02%,46
653,79.0,0.03%,36
654,79.0,0.04%,31
655,79.0,0.05%,27
656,79.0,0.06%,24
657,79.0,0.07%,22
658,79.0,0.08%,21
659,79.0,0.09%,19
660,79.0,0.1%,18
661,79.0,0.2%,12
662,79.0,0.3%,10
663,79.0,0.4%,8
664,79.0,0.5%,7
665,79.0,0.6%,6
666,79.0,0.7%,6
667,79.0,0.8%,5
668,79.0,0.9%,5
669,79.0,1.0%,5
670,79.0,1.1%,5
671,79.0,1.2%,4
672,79.0,1.3%,4
673,79.0,1.4%,4
674,79.0,1.5%,4
675,79.0,1.6%,4
676,79.0,1.7%,4
677,79.0,1.8%,3
678,79.0,1.9%,3
679,79.0,2.0%,3
680,80.0,0.005%,96
681,80.0,0.006%,86
682,80.0,0.007%,79
683,80.0,0.008%,73
684,80.0,0.009%,68
685,80.0,0.01%,64
686,80.0,0.02%,43
687,80.0,0.03%,34
688,80.0,0.04%,29
689,80.0,0.05%,25
690,80.0,0.06%,23
691,80.0,0.07%,21
692,80.0,0.08%,19
693,80.0,0.09%,18
694,80.0,0.1%,17
695,80.0,0.2%,11
696,80.0,0.3%,9
697,80.0,0.4%,8
698,80.0,0.5%,7
699,80.0,0.6%,6
700,80.0,0.7%,5
701,80.0,0.8%,5
702,80.0,0.9%,5
703,80.0,1.0%,4
704,80.0,1.1%,4
705,80.0,1.2%,4
706,80.0,1.3%,4
707,80.0,1.4%,4
708,80.0,1.5%,4
709,80.0,1.6%,3
710,80.0,1.7%,3
711,80.0,1.8%,3
712,80.0,1.9%,3
713,80.0,2.0%,3
714,81.0,0.005%,90
715,81.0,0.006%,81
716,81.0,0.007%,74
717,81.0,0.008%,68
718,81.0,0.009%,64
719,81.0,0.01%,60
720,81.0,0.02%,40
721,81.0,0.03%,32
722,81.0,0.04%,27
723,81.0,0.05%,24
724,81.0,0.06%,21
725,81.0,0.07%,19
726,81.0,0.08%,18
727,81.0,0.09%,17
728,81.0,0.1%,16
729,81.0,0.2%,11
730,81.0,0.3%,8
731,81.0,0.4%,7
732,81.0,0.5%,6
733,81.0,0.6%,6
734,81.0,0.7%,5
735,81.0,0.8%,5
736,81.0,0.9%,4
737,81.0,1.0%,4
738,81.0,1.1%,4
739,81.0,1.2%,4
740,81.0,1.3%,4
741,81.0,1.4%,3
742,81.0,1.5%,3
743,81.0,1.6%,3
744,81.0,1.7%,3
745,81.0,1.8%,3
746,81.0,1.9%,3
747,81.0,2.0%,3
748,82.0,0.005%,84
749,82.0,0.006%,76
750,82.0,0.007%,69
751,82.0,0.008%,64
752,82.0,0.009%,60
753,82.0,0.01%,56
754,82.0,0.02%,38
755,82.0,0.03%,30
756,82.0,0.04%,25
757,82.0,0.05%,22
758,82.0,0.06%,20
759,82.0,0.07%,18
760,82.0,0.08%,17
761,82.0,0.09%,16
762,82.0,0.1%,15
763,82.0,0.2%,10
764,82.0,0.3%,8
765,82.0,0.4%,7
766,82.0,0.5%,6
767,82.0,0.6%,5
768,82.0,0.7%,5
769,82.0,0.8%,4
770,82.0,0.9%,4
771,82.0,1.0%,4
772,82.0,1.1%,4
773,82.0,1.2%,4
774,82.0,1.3%,3
775,82.0,1.4%,3
776,82.0,1.5%,3
777,82.0,1.6%,3
778,82.0,1.7%,3
779,82.0,1.8%,3
780,82.0,1.9%,3
781,82.0,2.0%,3
782,83.0,0.005%,79
783,83.0,0.006%,71
784,83.0,0.007%,65
785,83.0,0.008%,60
786,83.0,0.009%,56
787,83.0,0.01%,53
788,83.0,0.02%,35
789,83.0,0.03%,28
790,83.0,0.04%,24
791,83.0,0.05%,21
792,83.0,0.06%,19
793,83.0,0.07%,17
794,83.0,0.08%,16
795,83.0,0.09%,15
796,83.0,0.1%,14
797,83.0,0.2%,9
798,83.0,0.3%,7
799,83.0,0.4%,6
800,83.0,0.5%,6
801,83.0,0.6%,5
802,83.0,0.7%,5
803,83.0,0.8%,4
804,83.0,0.9%,4
805,83.0,1.0%,4
806,83.0,1.1%,3
807,83.0,1.2%,3
808,83.0,1.3%,3
809,83.0,1.4%,3
810,83.0,1.5%,3
811,83.0,1.6%,3
812,83.0,1.7%,3
813,83.0,1.8%,3
814,83.0,1.9%,3
815,83.0,2.0%,2
816,84.0,0.005%,74
817,84.0,0.006%,67
818,84.0,0.007%,61
819,84.0,0.008%,57
820,84.0,0.009%,53
821,84.0,0.01%,50
822,84.0,0.02%,33
823,84.0,0.03%,26
824,84.0,0.04%,22
825,84.0,0.05%,20
826,84.0,0.06%,18
827,84.0,0.07%,16
828,84.0,0.08%,15
829,84.0,0.09%,14
830,84.0,0.1%,13
831,84.0,0.2%,9
832,84.0,0.3%,7
833,84.0,0.4%,6
834,84.0,0.5%,5
835,84.0,0.6%,5
836,84.0,0.7%,4
837,84.0,0.8%,4
838,84.0,0.9%,4
839,84.0,1.0%,3
840,84.0,1.1%,3
841,84.0,1.2%,3
842,84.0,1.3%,3
843,84.0,1.4%,3
844,84.0,1.5%,3
845,84.0,1.6%,3
846,84.0,1.7%,3
847,84.0,1.8%,2
848,84.0,1.9%,2
849,84.0,2.0%,2
850,85.0,0.005%,70
851,85.0,0.006%,63
852,85.0,0.007%,58
853,85.0,0.008%,53
854,85.0,0.009%,50
855,85.0,0.01%,47
856,85.0,0.02%,31
857,85.0,0.03%,25
858,85.0,0.04%,21
859,85.0,0.05%,18
860,85.0,0.06%,17
861,85.0,0.07%,15
862,85.0,0.08%,14
863,85.0,0.09%,13
864,85.0,0.1%,12
865,85.0,0.2%,8
866,85.0,0.3%,7
867,85.0,0.4%,6
868,85.0,0.5%,5
869,85.0,0.6%,4
870,85.0,0.7%,4
871,85.0,0.8%,4
872,85.0,0.9%,3
873,85.0,1.0%,3
874,85.0,1.1%,3
875,85.0,1.2%,3
876,85.0,1.3%,3
877,85.0,1.4%,3
878,85.0,1.5%,3
879,85.0,1.6%,2
880,85.0,1.7%,2
881,85.0,1.8%,2
882,85.0,1.9%,2
883,85.0,2.0%,2
884,86.0,0.005%,66
885,86.0,0.006%,59
886,86.0,0.007%,54
887,86.0,0.008%,50
888,86.0,0.009%,47
889,86.0,0.01%,44
890,86.0,0.02%,30
891,86.0,0.03%,23
892,86.0,0.04%,20
893,86.0,0.05%,17
894,86.0,0.06%,16
895,86.0,0.07%,14
896,86.0,0.08%,13
897,86.0,0.09%,12
898,86.0,0.1%,12
899,86.0,0.2%,8
900,86.0,0.3%,6
901,86.0,0.4%,5
902,86.0,0.5%,5
903,86.0,0.6%,4
904,86.0,0.7%,4
905,86.0,0.8%,3
906,86.0,0.9%,3
907,86.0,1.0%,3
908,86.0,1.1%,3
909,86.0,1.2%,3
910,86.0,1.3%,3
911,86.0,1.4%,3
912,86.0,1.5%,2
913,86.0,1.6%,2
914,86.0,1.7%,2
915,86.0,1.8%,2
916,86.0,1.9%,2
917,86.0,2.0%,2
918,87.0,0.005%,62
919,87.0,0.006%,56
920,87.0,0.007%,51
921,87.0,0.008%,47
922,87.0,0.009%,44
923,87.0,0.01%,42
924,87.0,0.02%,28
925,87.0,0.03%,22
926,87.0,0.04%,19
927,87.0,0.05%,16
928,87.0,0.06%,15
929,87.0,0.07%,13
930,87.0,0.08%,12
931,87.0,0.09%,12
932,87.0,0.1%,11
933,87.0,0.2%,7
934,87.0,0.3%,6
935,87.0,0.4%,5
936,87.0,0.5%,4
937,87.0,0.6%,4
938,87.0,0.7%,4
939,87.0,0.8%,3
940,87.0,0.9%,3
941,87.0,1.0%,3
942,87.0,1.1%,3
943,87.0,1.2%,3
944,87.0,1.3%,2
945,87.0,1.4%,2
946,87.0,1.5%,2
947,87.0,1.6%,2
948,87.0,1.7%,2
949,87.0,1.8%,2
950,87.0,1.9%,2
951,87.0,2.0%,2
952,88.0,0.005%,59
953,88.0,0.006%,53
954,88.0,0.007%,48
955,88.0,0.008%,45
956,88.0,0.009%,42
957,88.0,0.01%,39
958,88.0,0.02%,26
959,88.0,0.03%,21
960,88.0,0.04%,18
961,88.0,0.05%,15
962,88.0,0.06%,14
963,88.0,0.07%,13
964,88.0,0.08%,12
965,88.0,0.09%,11
966,88.0,0.1%,10
967,88.0,0.2%,7
968,88.0,0.3%,5
969,88.0,0.4%,5
970,88.0,0.5%,4
971,88.0,0.6%,4
972,88.0,0.7%,3
973,88.0,0.8%,3
974,88.0,0.9%,3
975,88.0,1.0%,3
976,88.0,1.1%,3
977,88.0,1.2%,2
978,88.0,1.3%,2
979,88.0,1.4%,2
980,88.0,1.5%,2
981,88.0,1.6%,2
982,88.0,1.7%,2
983,88.0,1.8%,2
984,88.0,1.9%,2
985,88.0,2.0%,2
986,89.0,0.005%,55
987,89.0,0.006%,50
988,89.0,0.007%,45
989,89.0,0.008%,42
990,89.0,0.009%,39
991,89.0,0.01%,37
992,89.0,0.02%,25
993,89.0,0.03%,20
994,89.0,0.04%,17
995,89.0,0.05%,15
996,89.0,0.06%,13
997,89.0,0.07%,12
998,89.0,0.08%,11
999,89.0,0.09%,10
1000,89.0,0.1%,10
1001,89.0,0.2%,7
1002,89.0,0.3%,5
1003,89.0,0.4%,4
1004,89.0,0.5%,4
1005,89.0,0.6%,3
1006,89.0,0.7%,3
1007,89.0,0.8%,3
1008,89.0,0.9%,3
1009,89.0,1.0%,3
1010,89.0,1.1%,2
1011,89.0,1.2%,2
1012,89.0,1.3%,2
1013,89.0,1.4%,2
1014,89.0,1.5%,2
1015,89.0,1.6%,2
1016,89.0,1.7%,2
1017,89.0,1.8%,2
1018,89.0,1.9%,2
1019,89.0,2.0%,2
1020,90.0,0.005%,52
1021,90.0,0.006%,47
1022,90.0,0.007%,43
1023,90.0,0.008%,40
1024,90.0,0.009%,37
1025,90.0,0.01%,35
1026,90.0,0.02%,23
1027,90.0,0.03%,18
1028,90.0,0.04%,16
1029,90.0,0.05%,14
1030,90.0,0.06%,12
1031,90.0,0.07%,11
1032,90.0,0.08%,10
1033,90.0,0.09%,10
1034,90.0,0.1%,9
1035,90.0,0.2%,6
1036,90.0,0.3%,5
1037,90.0,0.4%,4
1038,90.0,0.5%,4
1039,90.0,0.6%,3
1040,90.0,0.7%,3
1041,90.0,0.8%,3
1042,90.0,0.9%,3
1043,90.0,1.0%,2
1044,90.0,1.1%,2
1045,90.0,1.2%,2
1046,90.0,1.3%,2
1047,90.0,1.4%,2
1048,90.0,1.5%,2
1049,90.0,1.6%,2
1050,90.0,1.7%,2
1051,90.0,1.8%,2
1052,90.0,1.9%,2
1053,90.0,2.0%,2
1054,91.0,0.005%,49
1055,91.0,0.006%,44
1056,91.0,0.007%,41
1057,91.0,0.008%,38
1058,91.0,0.009%,35
1059,91.0,0.01%,33
1060,91.0,0.02%,22
1061,91.0,0.03%,17
1062,91.0,0.04%,15
1063,91.0,0.05%,13
1064,91.0,0.06%,12
1065,91.0,0.07%,11
1066,91.0,0.08%,10
1067,91.0,0.09%,9
1068,91.0,0.1%,9
1069,91.0,0.2%,6
1070,91.0,0.3%,5
1071,91.0,0.4%,4
1072,91.0,0.5%,3
1073,91.0,0.6%,3
1074,91.0,0.7%,3
1075,91.0,0.8%,3
1076,91.0,0.9%,2
1077,91.0,1.0%,2
1078,91.0,1.1%,2
1079,91.0,1.2%,2
1080,91.0,1.3%,2
1081,91.0,1.4%,2
1082,91.0,1.5%,2
1083,91.0,1.6%,2
1084,91.0,1.7%,2
1085,91.0,1.8%,2
1086,91.0,1.9%,2
1087,91.0,2.0%,2
1088,92.0,0.005%,47
1089,92.0,0.006%,42
1090,92.0,0.007%,38
1091,92.0,0.008%,35
1092,92.0,0.009%,33
1093,92.0,0.01%,31
1094,92.0,0.02%,21
1095,92.0,0.03%,17
1096,92.0,0.04%,14
1097,92.0,0.05%,12
1098,92.0,0.06%,11
1099,92.0,0.07%,10
1100,92.0,0.08%,9
1101,92.0,0.09%,9
1102,92.0,0.1%,8
1103,92.0,0.2%,6
1104,92.0,0.3%,4
1105,92.0,0.4%,4
1106,92.0,0.5%,3
1107,92.0,0.6%,3
1108,92.0,0.7%,3
1109,92.0,0.8%,2
1110,92.0,0.9%,2
1111,92.0,1.0%,2
1112,92.0,1.1%,2
1113,92.0,1.2%,2
1114,92.0,1.3%,2
1115,92.0,1.4%,2
1116,92.0,1.5%,2
1117,92.0,1.6%,2
1118,92.0,1.7%,2
1119,92.0,1.8%,2
1120,92.0,1.9%,2
1121,92.0,2.0%,1
1122,93.0,0.005%,44
1123,93.0,0.006%,40
1124,93.0,0.007%,36
1125,93.0,0.008%,34
1126,93.0,0.009%,31
1127,93.0,0.01%,29
1128,93.0,0.02%,20
1129,93.0,0.03%,16
1130,93.0,0.04%,13
1131,93.0,0.05%,12
1132,93.0,0.06%,10
1133,93.0,0.07%,10
1134,93.0,0.08%,9
1135,93.0,0.09%,8
1136,93.0,0.1%,8
1137,93.0,0.2%,5
1138,93.0,0.3%,4
1139,93.0,0.4%,3
1140,93.0,0.5%,3
1141,93.0,0.6%,3
1142,93.0,0.7%,3
1143,93.0,0.8%,2
1144,93.0,0.9%,2
1145,93.0,1.0%,2
1146,93.0,1.1%,2
1147,93.0,1.2%,2
1148,93.0,1.3%,2
1149,93.0,1.4%,2
1150,93.0,1.5%,2
1151,93.0,1.6%,2
1152,93.0,1.7%,2
1153,93.0,1.8%,1
1154,93.0,1.9%,1
1155,93.0,2.0%,1
1156,94.0,0.005%,42
1157,94.0,0.006%,38
1158,94.0,0.007%,34
1159,94.0,0.008%,32
1160,94.0,0.009%,30
1161,94.0,0.01%,28
1162,94.0,0.02%,19
1163,94.0,0.03%,15
1164,94.0,0.04%,13
1165,94.0,0.05%,11
1166,94.0,0.06%,10
1167,94.0,0.07%,9
1168,94.0,0.08%,8
1169,94.0,0.09%,8
1170,94.0,0.1%,7
1171,94.0,0.2%,5
1172,94.0,0.3%,4
1173,94.0,0.4%,3
1174,94.0,0.5%,3
1175,94.0,0.6%,3
1176,94.0,0.7%,2
1177,94.0,0.8%,2
1178,94.0,0.9%,2
1179,94.0,1.0%,2
1180,94.0,1.1%,2
1181,94.0,1.2%,2
1182,94.0,1.3%,2
1183,94.0,1.4%,2
1184,94.0,1.5%,2
1185,94.0,1.6%,1
1186,94.0,1.7%,1
1187,94.0,1.8%,1
1188,94.0,1.9%,1
1189,94.0,2.0%,1
